{
  "intercept": 2.0368,
  "coefficients": {
    "park_factor": 0.2483,
    "temperature": 0.3684,
    "wind": 0.0325,
    "humidity": 0.0939,
    "pressure": 0.0188,
    "pitcher_hr9": 0.2952,
    "pitcher_fb_rate": 0.0706,
    "pitcher_hr_fb": -0.0324,
    "avg_batter_composite": 0.1954,
    "max_batter_composite": 0.2145,
    "num_batters": -0.0785
  },
  "scaler_mean": {
    "park_factor": 0.996912,
    "temperature": 0.418803,
    "wind": 0.545902,
    "humidity": 0.524873,
    "pressure": 0.527377,
    "pitcher_hr9": 0.741827,
    "pitcher_fb_rate": 0.194448,
    "pitcher_hr_fb": 0.150249,
    "avg_batter_composite": 0.327373,
    "max_batter_composite": 0.638722,
    "num_batters": 0.605571
  },
  "scaler_scale": {
    "park_factor": 0.141661,
    "temperature": 0.287864,
    "wind": 0.164749,
    "humidity": 0.173783,
    "pressure": 0.570116,
    "pitcher_hr9": 0.783458,
    "pitcher_fb_rate": 0.08807,
    "pitcher_hr_fb": 0.104343,
    "avg_batter_composite": 0.060585,
    "max_batter_composite": 0.144839,
    "num_batters": 0.065599
  },
  "training_games": 353,
  "avg_hrs_per_game": 2.04,
  "mae": 1.33
}