{
  "intercept": 2.0319,
  "coefficients": {
    "park_factor": 0.2839,
    "temperature": 0.4275,
    "wind": 0.0532,
    "humidity": 0.1673,
    "pressure": 0.0118,
    "pitcher_hr9": 0.3203,
    "pitcher_fb_rate": 0.0447,
    "pitcher_hr_fb": -0.0414,
    "avg_batter_composite": 0.261,
    "max_batter_composite": 0.1413,
    "num_batters": -0.0649
  },
  "scaler_mean": {
    "park_factor": 1.000447,
    "temperature": 0.425319,
    "wind": 0.541321,
    "humidity": 0.531438,
    "pressure": 0.507553,
    "pitcher_hr9": 0.766581,
    "pitcher_fb_rate": 0.201581,
    "pitcher_hr_fb": 0.150462,
    "avg_batter_composite": 0.325807,
    "max_batter_composite": 0.625265,
    "num_batters": 0.606283
  },
  "scaler_scale": {
    "park_factor": 0.144862,
    "temperature": 0.283783,
    "wind": 0.162383,
    "humidity": 0.170527,
    "pressure": 0.508632,
    "pitcher_hr9": 0.823365,
    "pitcher_fb_rate": 0.090794,
    "pitcher_hr_fb": 0.108167,
    "avg_batter_composite": 0.062371,
    "max_batter_composite": 0.146109,
    "num_batters": 0.069633
  },
  "training_games": 313,
  "avg_hrs_per_game": 2.03,
  "mae": 1.29
}