{
  "intercept": 2.0168,
  "coefficients": {
    "park_factor": 0.2997,
    "temperature": 0.4243,
    "wind": 0.1078,
    "humidity": 0.1278,
    "pressure": 0.0061,
    "pitcher_hr9": 0.3516,
    "pitcher_fb_rate": 0.0419,
    "pitcher_hr_fb": -0.0683,
    "avg_batter_composite": 0.2732,
    "max_batter_composite": 0.1184,
    "num_batters": -0.0664
  },
  "scaler_mean": {
    "park_factor": 1.001074,
    "temperature": 0.427777,
    "wind": 0.545011,
    "humidity": 0.527953,
    "pressure": 0.509107,
    "pitcher_hr9": 0.77375,
    "pitcher_fb_rate": 0.204391,
    "pitcher_hr_fb": 0.149809,
    "avg_batter_composite": 0.325082,
    "max_batter_composite": 0.618815,
    "num_batters": 0.606711
  },
  "scaler_scale": {
    "park_factor": 0.145455,
    "temperature": 0.281921,
    "wind": 0.157949,
    "humidity": 0.169617,
    "pressure": 0.517973,
    "pitcher_hr9": 0.841484,
    "pitcher_fb_rate": 0.092045,
    "pitcher_hr_fb": 0.110457,
    "avg_batter_composite": 0.062135,
    "max_batter_composite": 0.145222,
    "num_batters": 0.071312
  },
  "training_games": 298,
  "avg_hrs_per_game": 2.02,
  "mae": 1.27
}