{
  "intercept": 2.0516,
  "coefficients": {
    "park_factor": 0.231,
    "temperature": 0.3871,
    "wind": 0.0642,
    "humidity": 0.0749,
    "pressure": 0.0157,
    "pitcher_hr9": 0.2759,
    "pitcher_fb_rate": 0.066,
    "pitcher_hr_fb": -0.0128,
    "avg_batter_composite": 0.2006,
    "max_batter_composite": 0.2186,
    "num_batters": -0.0751
  },
  "scaler_mean": {
    "park_factor": 0.995136,
    "temperature": 0.419117,
    "wind": 0.545761,
    "humidity": 0.526522,
    "pressure": 0.536897,
    "pitcher_hr9": 0.734993,
    "pitcher_fb_rate": 0.192129,
    "pitcher_hr_fb": 0.152499,
    "avg_batter_composite": 0.326895,
    "max_batter_composite": 0.641446,
    "num_batters": 0.604529
  },
  "scaler_scale": {
    "park_factor": 0.140326,
    "temperature": 0.287623,
    "wind": 0.166803,
    "humidity": 0.178118,
    "pressure": 0.589617,
    "pitcher_hr9": 0.769254,
    "pitcher_fb_rate": 0.087225,
    "pitcher_hr_fb": 0.112393,
    "avg_batter_composite": 0.060623,
    "max_batter_composite": 0.143961,
    "num_batters": 0.066194
  },
  "training_games": 368,
  "avg_hrs_per_game": 2.05,
  "mae": 1.33
}